{
  "psychological_cause:suffering": {
    "metaphysical_status:neutral": 0.06384205331954751,
    "ethical_status:morally_neutral": 0.1123934685289699,
    "metaphysical_status:denies_will": 0.08674682133519462,
    "ethical_status:ascetic_good": 0.08920382873640915,
    "ethical_status:outside_morality": 0.06046137783052564,
    "metaphysical_status:affirms_will": 0.05428704828553683,
    "metaphysical_status:will_less": 0.04708070730022577,
    "religious_alignment:buddhism_affinity": 0.11645853157059503,
    "religious_alignment:hinduism_affinity": 0.11123382363342443,
    "religious_alignment:christian_moralism_critique": 0.04540096341263791,
    "liberation_status:futile": 0.07810107278016407,
    "religious_alignment:mythic_expression": 0.054599645982496,
    "aesthetic_effect:partial_suspension": 0.0016931949807589628
  },
  "metaphysical_status:neutral": {
    "psychological_cause:suffering": 0.06384205331954751,
    "psychological_cause:desire": 0.057306012535871156,
    "psychological_cause:boredom": 0.057306012535871156,
    "ethical_status:morally_neutral": 0.12136534229475726,
    "ethical_status:ascetic_good": 0.09487826764073633,
    "ethical_status:outside_morality": 0.07957198424062444,
    "religious_alignment:buddhism_affinity": 0.19588313187500123,
    "religious_alignment:hinduism_affinity": 0.20657872686566,
    "religious_alignment:christian_moralism_critique": 0.07643717773382676,
    "psychological_cause:ignorance": 0.12911743556273994,
    "liberation_status:futile": 0.062161226769606434,
    "religious_alignment:mythic_expression": 0.18025686012294903,
    "aesthetic_effect:partial_suspension": 0.2637839024545321
  },
  "psychological_cause:desire": {
    "metaphysical_status:neutral": 0.057306012535871156,
    "ethical_status:morally_neutral": 0.09700763919559308,
    "metaphysical_status:denies_will": 0.0814623456605775,
    "ethical_status:ascetic_good": 0.08352704233158312,
    "ethical_status:outside_morality": 0.05631197642317806,
    "metaphysical_status:affirms_will": 0.05094999474169017,
    "metaphysical_status:will_less": 0.054599645982496,
    "religious_alignment:buddhism_affinity": 0.10107270223721815,
    "religious_alignment:hinduism_affinity": 0.09584799430004759,
    "religious_alignment:christian_moralism_critique": 0.03430700592495685,
    "liberation_status:futile": 0.07421000255913661,
    "religious_alignment:mythic_expression": 0.03921381664911915
  },
  "psychological_cause:boredom": {
    "metaphysical_status:neutral": 0.057306012535871156,
    "ethical_status:morally_neutral": 0.09700763919559308,
    "metaphysical_status:denies_will": 0.07136099200181774,
    "ethical_status:ascetic_good": 0.0854464304851659,
    "ethical_status:outside_morality": 0.05631197642317806,
    "metaphysical_status:affirms_will": 0.046965909917101735,
    "metaphysical_status:will_less": 0.041048681093600305,
    "religious_alignment:buddhism_affinity": 0.08808495903558786,
    "religious_alignment:hinduism_affinity": 0.08092151272520698,
    "religious_alignment:christian_moralism_critique": 0.024597962996406094,
    "liberation_status:futile": 0.05094999474169017,
    "religious_alignment:mythic_expression": 0.03921381664911915
  },
  "ethical_status:morally_neutral": {
    "metaphysical_status:neutral": 0.12136534229475726,
    "psychological_cause:suffering": 0.1123934685289699,
    "psychological_cause:desire": 0.09700763919559308,
    "psychological_cause:boredom": 0.09700763919559308,
    "metaphysical_status:denies_will": 0.10208382492760203,
    "metaphysical_status:affirms_will": 0.14466272909775546,
    "metaphysical_status:will_less": 0.20171938248146598,
    "religious_alignment:buddhism_affinity": 0.26231977256498795,
    "religious_alignment:hinduism_affinity": 0.27936219493359343,
    "religious_alignment:christian_moralism_critique": 0.08491195689071337,
    "psychological_cause:ignorance": 0.10962894778939702,
    "liberation_status:futile": 0.15874816758110366,
    "religious_alignment:mythic_expression": 0.1788303256317458,
    "aesthetic_effect:partial_suspension": 0.1110930776789412
  },
  "ethical_status:ascetic_good": {
    "metaphysical_status:neutral": 0.09487826764073633,
    "psychological_cause:suffering": 0.08920382873640915,
    "psychological_cause:desire": 0.08352704233158312,
    "psychological_cause:boredom": 0.0854464304851659,
    "metaphysical_status:denies_will": 0.16567856797722122,
    "metaphysical_status:affirms_will": 0.11901608190398022,
    "metaphysical_status:will_less": 0.09594550390505263,
    "religious_alignment:buddhism_affinity": 0.13935670123451024,
    "religious_alignment:hinduism_affinity": 0.16045386004005063,
    "religious_alignment:christian_moralism_critique": 0.06633582407506704,
    "psychological_cause:ignorance": 0.12425173183762787,
    "liberation_status:futile": 0.07850187440483235,
    "religious_alignment:mythic_expression": 0.12880964854163263,
    "aesthetic_effect:partial_suspension": 0.04350568849481485
  },
  "ethical_status:outside_morality": {
    "metaphysical_status:neutral": 0.07957198424062444,
    "psychological_cause:suffering": 0.06046137783052564,
    "psychological_cause:desire": 0.05631197642317806,
    "psychological_cause:boredom": 0.05631197642317806,
    "metaphysical_status:denies_will": 0.06691308024847951,
    "metaphysical_status:affirms_will": 0.23728139795231476,
    "metaphysical_status:will_less": 0.005054194660380529,
    "religious_alignment:buddhism_affinity": 0.11184124480941007,
    "religious_alignment:hinduism_affinity": 0.14294783706019645,
    "religious_alignment:christian_moralism_critique": 0.10396706632534047,
    "psychological_cause:ignorance": 0.12961371351911577,
    "liberation_status:futile": 0.1838914167962885,
    "religious_alignment:mythic_expression": 0.148895230886271,
    "aesthetic_effect:partial_suspension": 0.021815540679702268
  },
  "religious_alignment:buddhism_affinity": {
    "metaphysical_status:neutral": 0.19588313187500123,
    "psychological_cause:suffering": 0.11645853157059503,
    "psychological_cause:desire": 0.10107270223721815,
    "psychological_cause:boredom": 0.08808495903558786,
    "ethical_status:morally_neutral": 0.26231977256498795,
    "metaphysical_status:denies_will": 0.1432028740460881,
    "ethical_status:ascetic_good": 0.13935670123451024,
    "ethical_status:outside_morality": 0.11184124480941007,
    "metaphysical_status:affirms_will": 0.09175566246477172,
    "metaphysical_status:will_less": 0.12136534229475726,
    "psychological_cause:ignorance": 0.09462099981926417,
    "liberation_status:futile": 0.10870643830261237,
    "aesthetic_effect:partial_suspension": 0.13812668831407907
  },
  "religious_alignment:hinduism_affinity": {
    "metaphysical_status:neutral": 0.20657872686566,
    "psychological_cause:suffering": 0.11123382363342443,
    "psychological_cause:desire": 0.09584799430004759,
    "psychological_cause:boredom": 0.08092151272520698,
    "ethical_status:morally_neutral": 0.27936219493359343,
    "metaphysical_status:denies_will": 0.1476872090374683,
    "ethical_status:ascetic_good": 0.16045386004005063,
    "ethical_status:outside_morality": 0.14294783706019645,
    "metaphysical_status:affirms_will": 0.12094286656197521,
    "metaphysical_status:will_less": 0.11797549880206792,
    "psychological_cause:ignorance": 0.07207172417550649,
    "liberation_status:futile": 0.1194020332932711,
    "aesthetic_effect:partial_suspension": 0.12442720122002189
  },
  "religious_alignment:christian_moralism_critique": {
    "metaphysical_status:neutral": 0.07643717773382676,
    "psychological_cause:suffering": 0.04540096341263791,
    "psychological_cause:desire": 0.03430700592495685,
    "psychological_cause:boredom": 0.024597962996406094,
    "ethical_status:morally_neutral": 0.08491195689071337,
    "metaphysical_status:denies_will": 0.06591047313491058,
    "ethical_status:ascetic_good": 0.06633582407506704,